Student ID,Last Name,First Name,Gender,Program Code,Year
2019-0216,Pascual,Ivan,Male,BASoc,5
2019-0263,Aguilar,Kevin,Male,BSEd-Fil,3
2019-0422,Camacho,Jomar,Male,BSEnE,3
2019-0644,Mercado,Nico,Male,CPRT,5
2019-0831,Navarro,Jeric,Male,BAPsych,3
2019-0953,Soriano,Aaron,Male,BSEsE,4
2019-1201,Perez,Christian,Male,BSBio-Bdv,2
2019-1292,Espiritu,Mark,Male,BAHis,4
2019-1328,Chua,Patricia,Female,BALCS,2
2019-1415,Perez,Joy,Female,BET-MMT,2
2019-1623,Chan,Joy,Female,BSEcon,4
2019-1783,Ramos,Pearl,Female,BSPhil,1
2019-1785,Aguilar,Gabrielle,Female,BPEd,3
2019-1818,Co,Theresa,Female,BSCE,2
2019-1824,Flores,Jomar,Male,BSIT,5
2019-1925,Bernardo,Joy,Female,BS-MB,1
2019-2313,Co,Elena,Female,BSPsych,5
2019-2458,Ocampo,Edgar,Male,BSEsE,5
2019-2470,Diaz,Hope,Female,BSPhil,5
2019-2668,Gonzales,Dennis,Male,BAPsych,5
2019-2670,Tan,Clifford,Male,BAHis,4
2019-2736,Villafuerte,Faith,Female,BSCE,4
2019-2747,Garcia,Joy,Female,BSCA,4
2019-2883,Morales,Uma,Female,BSChem,3
2019-2884,Macaraeg,Olivia,Female,BEEd-SM,4
2019-2924,Pascual,Juan,Male,BSChem,2
2019-2930,Gutierrez,Aaron,Male,BEEd-LE,2
2019-2954,Manalo,Christian,Male,BSEd-Bio,4
2019-3059,Alvarado,Rafael,Male,BSIAM,1
2019-3187,Medina,Natalie,Female,BSCS,3
2019-3404,Romero,Jomar,Male,BEEd-LE,1
2019-3465,Macaraeg,Arvin,Male,N/A,1
2019-3663,Romero,Renz,Male,BALCS,2
2019-3709,Dela Cruz,Laura,Female,BSCHE,1
2019-3714,Chan,Sheila,Female,BS-MB,4
2019-3793,Soriano,Clarence,Male,BSEcon,5
2019-3834,Miranda,Natalie,Female,BET-ELET,2
2019-4114,Garcia,Vanessa,Female,BSPhys,2
2019-4206,Sison,Ryan,Male,BSCA,4
2019-4291,Chan,Patrick,Male,BSEd-Fil,2
2019-4483,Catalan,Marvin,Male,N/A,5
2019-4680,Chua,Frances,Female,BSBio-AB,4
2019-4729,Manalo,Maria,Female,BSA,3
2019-4762,Aguilar,Lorraine,Female,BAPan,3
2019-4945,Gonzales,Patricia,Female,BAPos,3
2019-5023,Navarro,Frances,Female,CPRT,1
2019-5029,Villafuerte,Arvin,Male,BS-MB,2
2019-5041,Mercado,Manuel,Male,BSCE,3
2019-5136,Magno,Hope,Female,BPEd,5
2019-5435,Bernardo,Sandra,Female,BAPan,4
2019-5502,Camacho,Rosa,Female,BSCS,5
2019-5541,Torres,Eduardo,Male,BAFil,4
2019-5645,Dela Rosa,Tina,Female,BSBA-MM,4
2019-5661,Mercado,Allen,Male,BAPsych,1
2019-5682,Perez,Faith,Female,BSBio-Micro,4
2019-5684,Sison,Hannah,Female,BSBA-MM,3
2019-5708,Hernandez,Nathan,Male,BSEd-Phys,4
2019-5831,Mercado,Allen,Male,BSEsE,4
2019-6021,Ramos,James,Male,BASoc,4
2019-6105,Tolentino,Sandra,Female,CPRT,2
2019-6174,Lacson,Erwin,Male,BSChem,1
2019-6188,Marasigan,Frances,Female,BSBA-MM,4
2019-6342,Coronel,Kevin,Male,BET-ESET,2
2019-6471,Dela Rosa,Allen,Male,BAFil,4
2019-6532,Aguilar,Edgar,Male,BSEd-Phys,5
2019-6638,Manalo,Andrei,Male,BSIAM,3
2019-6820,Reyes,Andrei,Male,BSBio-Micro,4
2019-7388,Mercado,Harold,Male,BSBio-Bdv,5
2019-7524,Pineda,Aldous,Male,BSChem,3
2019-7550,Panganiban,Eleanor,Female,BSStat,1
2019-7572,Mercado,John,Male,BSME,3
2019-7601,Santos,Daniel,Male,BSCERE,1
2019-7964,Lee,Aldrin,Male,BSBio-AB,1
2019-7983,Resurreccion,Jeric,Male,BSA,4
2019-8029,Buenaventura,Uma,Female,BSEd-Bio,2
2019-8058,Torres,Jeric,Male,BSN,4
2019-8184,Magno,Ronald,Male,BEEd-LE,5
2019-8235,Lee,Hope,Female,BAPos,3
2019-8245,Macapagal,Manuel,Male,BET-ELET,5
2019-8868,Co,Laura,Female,BSBA-BE,1
2019-8893,Diaz,Karen,Female,BSA,2
2019-9066,Castillo,Frances,Female,BALCS,1
2019-9328,Padilla,Renz,Male,BSHM,5
2019-9400,Lacson,Jason,Male,BTLEd-IA,3
2019-9727,Gonzales,Olivia,Female,BSIT,4
2019-9761,Ocampo,Claire,Female,BAPos,4
2019-9821,Delos Santos,Arnold,Male,BSEd-Chem,4
2020-0103,Ylagan,Wendy,Female,BAFil,5
2020-0144,Go,Jomar,Male,BSCHE,2
2020-0412,Navarro,Diane,Female,BSBA-BE,3
2020-0457,Villafuerte,Francisco,Male,BTLEd-HE,4
2020-0713,Tan,Claire,Female,BSCS,1
2020-0764,Macapagal,Kevin,Male,BEEd-LE,5
2020-0950,Chan,Theresa,Female,BSBio-PB,1
2020-1123,Santos,Francisco,Male,BET-MET,1
2020-1692,Miranda,Anne,Female,CPRT,3
2020-1696,De Leon,Angelo,Male,BET-ESET,5
2020-1719,Belen,Kenneth,Male,BSEcon,3
2020-1870,Sabio,Arnold,Male,BSPhys,1
2020-1980,Ong,Aldous,Male,BSEd-Phys,1
2020-1994,Sison,Bernard,Male,BAPan,2
2020-2184,Castillo,James,Male,BSCERE,3
2020-2254,Macaraeg,Sheila,Female,BASoc,2
2020-2418,Gutierrez,Marvin,Male,BSEd-Phys,3
2020-2468,Pineda,James,Male,BSEnE,3
2020-2626,Macapagal,Katherine,Female,BSEd-Math,1
2020-2801,Villanueva,Arnold,Male,BTLEd-IA,5
2020-3066,Sy,Kevin,Male,BSBio-PB,5
2020-3429,Ramos,Roberto,Male,BSEd-Fil,2
2020-3690,Ylagan,Christian,Male,BSCS,1
2020-3707,Torres,Jose,Male,BSCS,3
2020-3811,Natividad,Natalie,Female,BSBio-AB,2
2020-3866,Panganiban,Marvin,Male,BSBio-Micro,3
2020-3873,Medina,Ronald,Male,BSEd-Math,3
2020-3952,Magno,Angela,Female,BSEntrep,1
2020-4231,Villanueva,Hannah,Female,BET-CHET,4
2020-4349,Dionisio,Iris,Female,BSEM,3
2020-4735,Cruz,Sarah,Female,BS-MB,3
2020-4902,Macapagal,Mark,Male,BTVTEd-DT,4
2020-5037,Domingo,Aldous,Male,BSStat,4
2020-5395,Chan,Eduardo,Male,BSEE,3
2020-5566,Gutierrez,Danielle,Female,BSBio-PB,4
2020-5583,Dela Cruz,Lourdes,Female,BSPhil,4
2020-5835,Mendoza,Ryan,Male,BSHM,5
2020-5874,Santos,Karen,Female,BTVTEd-DT,4
2020-5916,Mercado,Jeric,Male,BAPan,5
2020-5994,Manalo,Michelle,Female,BSCA,5
2020-6010,Sy,Michelle,Female,BSEntrep,5
2020-6026,Perez,Pearl,Female,BSCS,2
2020-6119,Hernandez,Aaron,Male,N/A,1
2020-6265,Bernardo,Uma,Female,BSPhil,5
2020-6491,Villafuerte,Lilly,Female,BS-MB,2
2020-6543,Coronel,Michelle,Female,BET-ELET,1
2020-6565,Medina,Aaron,Male,BTVTEd-DT,2
2020-6756,Dionisio,Grace,Female,BSCHE,2
2020-6836,Coronel,Mary,Female,BSEd-Fil,5
2020-6864,Gutierrez,Eduardo,Male,BET-ESET,2
2020-6895,Pascual,Anne,Female,BSME,5
2020-7359,Lim,Rosa,Female,BET-ELET,1
2020-7421,Villanueva,Roberto,Male,BSEsE,2
2020-7626,Dela Rosa,Kenneth,Male,BSMath,1
2020-7653,Dela Cruz,Edgar,Male,BSME,1
2020-7678,Ylagan,Natalie,Female,BSPsych,2
2020-8179,Sison,Yvonne,Female,BSN,4
2020-8536,Chan,Miguel,Male,BSCHE,1
2020-8649,Lopez,Joy,Female,BAHis,5
2020-9049,Sabio,Bong,Male,BAELS,3
2020-9173,Magtibay,Eleanor,Female,BSEcon,2
2020-9182,Chua,Gilbert,Male,BSEd-Chem,4
2020-9190,Castillo,Paolo,Male,BSPhys,4
2020-9357,Alvarado,Mark,Male,BET-MMT,5
2020-9589,Gutierrez,Kevin,Male,BSEd-Bio,1
2021-0059,Espiritu,Bong,Male,N/A,1
2021-0390,Gutierrez,Angela,Female,BSHM,2
2021-0440,Dela Rosa,Rosa,Female,BET-CHET,5
2021-0480,Jimenez,Gilbert,Male,BSCS,4
2021-0588,Bernardo,Abigail,Female,BSHM,5
2021-0607,Dizon,Renz,Male,BSEd-Chem,5
2021-0742,Pineda,Juan,Male,BSBio-PB,1
2021-0841,Reyes,Marcus,Male,BS-MB,5
2021-0892,Bautista,Roberto,Male,BSCHE,4
2021-0925,Navarro,Eduardo,Male,BSEM,2
2021-1156,Pascual,Nicole,Female,BET-ESET,1
2021-1174,Salazar,Beatrice,Female,BSIAM,2
2021-1221,Belen,Aaron,Male,BSCS,3
2021-1408,Marasigan,Christian,Male,BSEd-Math,4
2021-1417,Romero,Vanessa,Female,BSIAM,3
2021-1423,Perez,Clarence,Male,BSMETE,2
2021-1485,Aquino,Teresa,Female,BSChem,5
2021-1544,Alvarado,Natalie,Female,BSBA-MM,5
2021-1645,Aguilar,Tina,Female,BET-ESET,2
2021-1716,Morales,Vanessa,Female,BSCS,4
2021-1772,Castillo,Danielle,Female,BALCS,4
2021-1806,Resurreccion,Clifford,Male,BSPhil,3
2021-1918,Dela Cruz,Karen,Female,BSBA-BE,1
2021-1980,Panganiban,Camille,Female,BEEd-SM,1
2021-2077,Reyes,Aldous,Male,BSN,5
2021-2346,Pineda,Bernard,Male,BET-MET,4
2021-2389,Bayani,Mary,Female,BSEM,3
2021-2535,Domingo,Mark,Male,BET-MET,2
2021-2558,Resurreccion,Uma,Female,BSEd-Bio,5
2021-2655,Dionisio,Joy,Female,BEEd-SM,5
2021-2937,Jimenez,Gabrielle,Female,BSCS,1
2021-3147,Sison,Faith,Female,BSCA,5
2021-3414,Flores,Arvin,Male,BSEntrep,4
2021-3610,Aguilar,Maria,Female,BAELS,2
2021-3826,Domingo,Angelo,Male,BSBio-Micro,1
2021-3984,Tan,John,Male,CPRT,4
2021-3997,Dionisio,Harold,Male,BSEd-Chem,2
2021-4009,Cruz,Arvin,Male,BEEd-LE,2
2021-4056,Enriquez,Patrick,Male,BEEd-SM,4
2021-4106,Padilla,Sheila,Female,BET-MET,5
2021-4129,Coronel,Gabrielle,Female,BSIAM,2
2021-4130,Ocampo,Angelo,Male,BSPsych,4
2021-4211,Castillo,Uma,Female,BAPsych,4
2021-4291,Lee,Lourdes,Female,BSCPE,4
2021-4378,Medina,Sarah,Female,BSMETE,5
2021-4545,Ylagan,Angelo,Male,BSEd-Chem,5
2021-4916,Sison,Patrick,Male,BSCE,5
2021-5003,Sabio,Marcus,Male,BSME,1
2021-5007,Ong,Natalie,Female,BSHM,4
2021-5159,De Leon,Jomar,Male,BSEd-Fil,3
2021-5198,Tolentino,Mark,Male,BSStat,5
2021-5313,Salazar,Elena,Female,BSEd-Fil,5
2021-5511,Morales,Aaron,Male,BSPhil,5
2021-5570,Manalo,Miguel,Male,BS-MB,2
2021-5577,Magtibay,Diane,Female,BSHM,2
2021-5608,De Leon,Sandra,Female,BSPhil,5
2021-5636,Dizon,Marcus,Male,BET-MMT,3
2021-5731,Flores,Andrei,Male,BSBio-Micro,1
2021-5842,Pascual,Daniel,Male,BTLEd-HE,4
2021-5969,Bayani,Felix,Male,BSBA-BE,4
2021-6105,Pineda,Vanessa,Female,BET-MET,2
2021-6436,Tan,Edgar,Male,BS-MB,1
2021-6442,Dizon,Ivan,Male,BSMath,3
2021-6521,Camacho,Patricia,Female,BSCA,1
2021-6632,Reyes,Diane,Female,BSPhys,1
2021-6688,Macapagal,Carlos,Male,BSPsych,2
2021-6742,Co,Frances,Female,BSBA-BE,5
2021-6768,Dela Rosa,Eduardo,Male,BEEd-LE,2
2021-6898,Bernardo,Tina,Female,BSME,2
2021-7095,Dela Rosa,Patrick,Male,BSEM,2
2021-7152,Hernandez,Claire,Female,BSCE,5
2021-7165,Dizon,Christian,Male,BPEd,3
2021-7227,Dizon,Juan,Male,BSIAM,1
2021-7253,Dela Cruz,Ryan,Male,BSEsE,3
2021-7348,Aguilar,Carmen,Female,BET-ELET,4
2021-7619,Gutierrez,Sheila,Female,BSBio-PB,3
2021-7648,Catalan,Lorraine,Female,BSChem,4
2021-8026,Delos Santos,Theresa,Female,BSCA,1
2021-8122,Reyes,Melissa,Female,BASoc,3
2021-8246,De Leon,Antonio,Male,BSBio-Micro,4
2021-8341,Miranda,John,Male,BSBio-AB,5
2021-8353,Lim,Camille,Female,BSBA-MM,1
2021-8371,Magno,Rafael,Male,BSEd-Chem,4
2021-8390,Pascual,Antonio,Male,BEEd-LE,5
2021-8428,Chua,Abigail,Female,BEEd-SM,3
2021-8435,Espinosa,Christian,Male,BSCPE,5
2021-8532,Bernardo,Jeric,Male,BTLEd-IA,1
2021-8692,Delos Santos,Tina,Female,BAPsych,1
2021-8865,Mendoza,Ivan,Male,BET-CHET,4
2021-8965,Dizon,Clarence,Male,BSEntrep,4
2021-9070,Valdez,Erwin,Male,BSCERE,2
2021-9188,Dizon,Kevin,Male,BAHis,5
2021-9321,Cruz,Theresa,Female,BSEd-Chem,2
2021-9376,Marasigan,Bong,Male,BPEd,1
2021-9489,De Leon,Mary,Female,BET-MMT,3
2021-9503,Garcia,Maria,Female,BSCS,1
2021-9602,Lee,Beatrice,Female,BSCA,3
2021-9864,Espiritu,Louie,Male,BSMETE,5
2021-9992,Buenaventura,Sandra,Female,BEEd-SM,2
2022-0026,Cruz,Danielle,Female,BSEE,1
2022-0273,Ong,Olivia,Female,BET-MET,4
2022-0329,Ocampo,Ronald,Male,BET-MMT,1
2022-0387,Sy,Maria,Female,BSEntrep,3
2022-0738,Fernandez,Marvin,Male,BSEsE,3
2022-0786,Lee,Maria,Female,BSPhys,1
2022-0792,Delos Santos,Bernard,Male,BSPsych,4
2022-0849,Fernandez,Angelo,Male,BAPsych,1
2022-0988,Enriquez,Bong,Male,BASoc,2
2022-1101,Ylagan,Theresa,Female,BET-ESET,5
2022-1288,Medina,Felix,Male,N/A,1
2022-1325,Enriquez,Jason,Male,BAHis,5
2022-1352,Enriquez,Yvonne,Female,BEEd-SM,2
2022-1391,Lacson,Pearl,Female,BTLEd-HE,2
2022-1456,Panganiban,Theresa,Female,BSChem,2
2022-1568,Torres,Roberto,Male,BSBA-MM,2
2022-1765,Reyes,Wendy,Female,BSBio-Micro,1
2022-2250,Cruz,Hannah,Female,BSN,3
2022-2435,Natividad,Iris,Female,BSIT,2
2022-2586,Salazar,Marvin,Male,BSPhys,2
2022-2727,Perez,Rafael,Male,BAPan,5
2022-2874,Fernandez,Sarah,Female,BSCS,2
2022-2983,Garcia,Victoria,Female,BSBio-AB,3
2022-3152,Fernandez,Anne,Female,BSEd-Chem,3
2022-3219,Mendoza,Allen,Male,BSEsE,1
2022-3352,Rivera,Hannah,Female,BET-MMT,2
2022-3457,Dizon,Francisco,Male,BAPan,4
2022-3720,Santos,James,Male,BAHis,1
2022-3903,Castillo,Francisco,Male,BALCS,3
2022-3997,Rivera,Francisco,Male,BPEd,5
2022-4002,Co,Ivan,Male,BALCS,1
2022-4026,Flores,Lourdes,Female,BSEM,3
2022-4131,Valdez,Camille,Female,BSCERE,2
2022-4323,Enriquez,Sarah,Female,N/A,1
2022-4367,Enriquez,Anne,Female,BPEd,1
2022-4559,Buenaventura,Clarence,Male,BSPhys,5
2022-4561,Chua,Edgar,Male,BET-MMT,3
2022-4575,Mendoza,Vanessa,Female,BET-MMT,3
2022-4728,De Leon,Arvin,Male,BS-MB,1
2022-4873,Ramos,Anne,Female,BPEd,1
2022-5013,Tolentino,Yvonne,Female,BEEd-LE,2
2022-5036,Torres,Frances,Female,BSMath,2
2022-5143,Tan,Manuel,Male,BSN,5
2022-5343,Flores,Paolo,Male,BSChem,2
2022-5455,Ylagan,Camille,Female,BSBA-BE,4
2022-5489,Ocampo,Wendy,Female,BSCA,5
2022-5515,Lee,Erwin,Male,BSEd-Chem,5
2022-5540,Valdez,Marvin,Male,BSA,5
2022-5930,Gutierrez,Danielle,Female,BSEd-Chem,5
2022-5969,Flores,Claire,Female,BSEcon,3
2022-5972,Cruz,Roberto,Male,BSBio-AB,2
2022-6008,Villanueva,Elena,Female,BASoc,4
2022-6150,Mendoza,Marcus,Male,BSCERE,2
2022-6250,Perez,Aldous,Male,BSPhil,1
2022-6581,Romero,Elena,Female,N/A,2
2022-6592,Coronel,Ryan,Male,BET-ESET,2
2022-6769,Lacson,Jeric,Male,BSCS,2
2022-7160,Gonzales,Joy,Female,BTLEd-HE,3
2022-7341,Rivera,Jomar,Male,BSEcon,5
2022-7402,Espinosa,Wendy,Female,BSCE,5
2022-7499,Palad,Iris,Female,BSBA-MM,5
2022-7507,Aquino,Miguel,Male,BAFil,5
2022-7579,Jimenez,Sarah,Female,BS-MB,4
2022-7590,Dela Rosa,Joy,Female,BSHM,1
2022-7623,Domingo,Eduardo,Male,BSN,1
2022-7658,Catalan,Patricia,Female,BSCS,4
2022-7776,Dizon,Bong,Male,BAPsych,5
2022-7990,Gutierrez,Kevin,Male,BSEd-Fil,3
2022-8101,Diaz,Claire,Female,BSCHE,5
2022-8281,Morales,Arnold,Male,BET-CET,3
2022-8410,Garcia,Renz,Male,BSME,1
2022-8419,Mendoza,Elena,Female,BSBio-PB,2
2022-8422,Padilla,Roberto,Male,BSEntrep,2
2022-8456,Mercado,Juan,Male,BET-MMT,4
2022-8523,Go,Nathan,Male,BSBio-Micro,3
2022-8532,Sison,Patrick,Male,BAFil,1
2022-8775,Natividad,Jason,Male,CPRT,1
2022-8808,Coronel,Nathan,Male,BET-CET,5
2022-8816,Resurreccion,Rosa,Female,BSStat,2
2022-8976,Alvarado,Ana,Female,BSCE,3
2022-9117,Buenaventura,Rosa,Female,BSPsych,1
2022-9134,Morales,Juan,Male,BTLEd-HE,1
2022-9237,Palad,Carmen,Female,BSBio-Bdv,4
2022-9386,Ylagan,Teresa,Female,BSEnE,5
2022-9493,Manalo,Rosa,Female,BET-ESET,1
2022-9577,Cruz,Francisco,Male,BSEE,1
2022-9591,Camacho,Manuel,Male,BSCS,5
2022-9620,Camacho,Andrei,Male,BSEcon,4
2022-9631,Ocampo,Edgar,Male,BSEE,1
2022-9646,Espiritu,Teresa,Female,BSBA-MM,2
2022-9649,Flores,Bernard,Male,BTVTEd-DT,2
2022-9779,Santos,Teresa,Female,BSME,4
2022-9908,Mendoza,Camille,Female,BSEd-Fil,5
2022-9992,Jimenez,Harold,Male,BSPhil,3
2023-0076,Ong,Vanessa,Female,BET-MET,3
2023-0440,Reyes,Laura,Female,BSA,4
2023-0822,Go,Laura,Female,BAELS,2
2023-0867,Lee,Bernard,Male,BAPsych,5
2023-1587,Magtibay,Clarence,Male,BAFil,2
2023-1758,Delos Santos,Vanessa,Female,BSPsych,5
2023-1825,Lim,Dennis,Male,BSIAM,2
2023-1846,Navarro,Lorraine,Female,BEEd-LE,3
2023-2010,Garcia,Grace,Female,BS-MB,2
2023-2036,Sy,Kevin,Male,BEEd-LE,2
2023-2115,Macapagal,Laura,Female,BET-ELET,3
2023-2160,Macaraeg,Arvin,Male,BSEnE,5
2023-2177,Ocampo,Laura,Female,BET-CHET,2
2023-2196,Ocampo,Mark,Male,BTVTEd-DT,3
2023-2272,Lopez,Cristina,Female,BSCA,3
2023-2287,Valdez,Antonio,Male,BSStat,5
2023-2299,Magno,Marvin,Male,BSEE,5
2023-2396,Aquino,Rafael,Male,BSStat,5
2023-2495,Dela Cruz,Marvin,Male,BET-MET,4
2023-2551,Macaraeg,Sandra,Female,BET-ELET,5
2023-2582,Go,Ryan,Male,BSBio-Bdv,3
2023-2807,Flores,Felix,Male,BSCS,2
2023-2814,Sison,Maria,Female,BTLEd-HE,2
2023-2854,Padilla,Lorraine,Female,BTLEd-IA,5
2023-3020,Camacho,Carmen,Female,BAFil,2
2023-3200,Fernandez,Tina,Female,BSBA-BE,1
2023-3294,Palad,Pearl,Female,BSEd-Chem,4
2023-3457,Miranda,Kevin,Male,BAFil,4
2023-3486,Ramos,Nicole,Female,BSCHE,3
2023-3709,Dela Cruz,Elena,Female,BAPsych,2
2023-3740,Flores,Melissa,Female,BAPsych,5
2023-3810,Salazar,Angela,Female,BAHis,5
2023-3996,Gutierrez,Patrick,Male,BAPsych,5
2023-4072,Bernardo,Claire,Female,BSPhil,4
2023-4788,Villanueva,Aldous,Male,BSPhil,1
2023-4876,Macapagal,Mary,Female,BSStat,2
2023-4906,Gutierrez,Sandra,Female,BEEd-LE,1
2023-5001,Domingo,Ronald,Male,BS-MB,5
2023-5044,Flores,Uma,Female,BSCS,2
2023-5219,Go,Dennis,Male,BSMath,5
2023-5426,Sison,Kenneth,Male,BSEntrep,3
2023-5454,Rivera,Francisco,Male,BSME,5
2023-5468,Salazar,Ivan,Male,BSPhys,1
2023-5473,Ylagan,Vanessa,Female,BSCS,4
2023-5708,Coronel,Mary,Female,BAPan,1
2023-5763,Sison,Arvin,Male,BTLEd-IA,3
2023-5810,Morales,Camille,Female,BSA,5
2023-5832,Salazar,Allen,Male,BAELS,4
2023-5937,Villanueva,Manuel,Male,BSCA,1
2023-5988,Buenaventura,Rachel,Female,N/A,2
2023-6033,Torres,Ivan,Male,BSStat,5
2023-6077,Go,Theresa,Female,BAHis,3
2023-6186,Gonzales,Camille,Female,BALCS,5
2023-6258,Lee,Laura,Female,BSMETE,4
2023-6402,Castillo,Angela,Female,BSBio-Micro,3
2023-6494,Enriquez,James,Male,BSCERE,2
2023-6535,Villafuerte,Hope,Female,BSME,4
2023-6675,Hernandez,Melissa,Female,BSBA-BE,5
2023-6738,Resurreccion,Paolo,Male,BET-MMT,4
2023-6789,Medina,Victoria,Female,BSEsE,4
2023-7010,De Leon,Victoria,Female,BPEd,1
2023-7312,Valdez,Eduardo,Male,BSN,3
2023-7382,Resurreccion,Theresa,Female,BSIAM,1
2023-7497,Padilla,Manuel,Male,BSCS,2
2023-7570,Castillo,Angela,Female,BSBA-MM,3
2023-7635,Sy,Nathan,Male,BAHis,5
2023-7790,Castillo,Angela,Female,BSIAM,5
2023-7801,Dizon,Joy,Female,BET-ESET,1
2023-7846,Lee,Nico,Male,BAPsych,4
2023-7973,Castillo,Natalie,Female,BSIT,4
2023-8149,Sison,Yvonne,Female,BSBio-AB,3
2023-8271,Lopez,Jason,Male,BSEd-Math,1
2023-8417,Villafuerte,Wendy,Female,BSEd-Fil,5
2023-8508,Flores,Kenneth,Male,BSBio-Micro,1
2023-8526,Domingo,Yvonne,Female,BTLEd-HE,5
2023-8678,Bautista,Camille,Female,BSChem,1
2023-8771,Santos,Vanessa,Female,BAELS,2
2023-8814,Gonzales,Sheila,Female,BSPhil,3
2023-8839,Dela Cruz,Lorraine,Female,BEEd-SM,2
2023-8911,Espiritu,Erwin,Male,BSMath,4
2023-8953,Ocampo,Nico,Male,BAFil,2
2023-9087,Navarro,Gilbert,Male,BSPhil,4
2023-9131,Villanueva,Angela,Female,BSEM,5
2023-9199,Alvarado,Aldrin,Male,BSCPE,3
2023-9308,Magno,Angela,Female,BSHM,2
2023-9443,Fernandez,Diane,Female,BAHis,3
2023-9780,Villanueva,Darwin,Male,BSN,5
2023-9790,Sison,Clarence,Male,BSCERE,2
2023-9908,Belen,Angelo,Male,BSCA,3
2024-0031,Diaz,Kenneth,Male,BSMETE,1
2024-0035,Ramos,Anne,Female,BSChem,3
2024-0093,Garcia,Grace,Female,CPRT,2
2024-0204,Soriano,Beatrice,Female,BET-ELET,5
2024-0259,Bayani,Aaron,Male,BSEM,2
2024-0586,Magno,Roberto,Male,BSCS,4
2024-0811,Domingo,Rachel,Female,BSCA,4
2024-0898,Valdez,Laura,Female,BSME,3
2024-1069,Morales,Theresa,Female,BSEd-Phys,2
2024-1100,Sabio,Bong,Male,BET-MMT,3
2024-1135,Lopez,Claire,Female,BSEd-Math,1
2024-1255,Delos Santos,Iris,Female,BSCPE,2
2024-1265,Macaraeg,Antonio,Male,BAHis,1
2024-1289,Natividad,Paolo,Male,BAPos,4
2024-1348,Delos Santos,Ronald,Male,BSEd-Fil,3
2024-1653,Miranda,Jomar,Male,BSPhil,2
2024-1743,Rivera,Cristina,Female,BSEd-Fil,3
2024-1816,Ong,Katherine,Female,BSEsE,3
2024-1937,Navarro,Joy,Female,BSBio-Micro,4
2024-2023,Torres,Aldrin,Male,BSPsych,4
2024-2085,Chua,Camille,Female,BSChem,1
2024-2183,Espinosa,Eduardo,Male,BSBio-Micro,1
2024-2396,Espinosa,Victoria,Female,BSCS,3
2024-2743,Chan,Gabrielle,Female,BSMath,2
2024-2787,Santos,Arvin,Male,BSEd-Chem,1
2024-2983,Espiritu,Abigail,Female,BET-CET,5
2024-2999,Enriquez,Vanessa,Female,BAFil,5
2024-3109,Magtibay,Aldous,Male,BET-ESET,4
2024-3257,Panganiban,Patricia,Female,BSEd-Chem,2
2024-3279,Sy,Hope,Female,BSPsych,3
2024-3432,Pineda,Beatrice,Female,BSEcon,3
2024-3653,Fernandez,Angelo,Male,BSCPE,4
2024-3767,Sabio,Uma,Female,BSPhil,1
2024-3826,Ong,Angelo,Male,BSBio-Micro,2
2024-3993,Ong,Jeric,Male,BSIT,5
2024-4024,Coronel,Lilly,Female,BSBio-PB,2
2024-4045,Medina,Juan,Male,BSBio-Bdv,1
2024-4084,Torres,Ana,Female,BSEd-Math,2
2024-4414,Jimenez,Joy,Female,BALCS,3
2024-4569,Villafuerte,Lourdes,Female,BSChem,1
2024-4593,Reyes,Darwin,Male,BET-ESET,5
2024-4626,Domingo,Melissa,Female,BAPsych,5
2024-4686,Soriano,Natalie,Female,BAPan,4
2024-4739,Magno,Erwin,Male,BSEd-Phys,5
2024-5028,Tolentino,Ryan,Male,CPRT,2
2024-5277,Go,Lorraine,Female,BSEcon,4
2024-5302,Miranda,Sandra,Female,BET-ELET,3
2024-5554,Flores,Sheila,Female,BSCHE,4
2024-5988,Ylagan,Olivia,Female,CPRT,4
2024-6251,Gutierrez,Theresa,Female,BSPhys,1
2024-6346,Ramos,Frances,Female,BPEd,1
2024-6605,Ocampo,Tina,Female,BAHis,3
2024-6665,Gonzales,James,Male,BSEM,1
2024-6669,Marasigan,Danielle,Female,BTLEd-HE,2
2024-6691,Perez,Roberto,Male,BET-ESET,5
2024-6778,Navarro,Aldrin,Male,BSIT,2
2024-6787,Dela Rosa,Michelle,Female,BSStat,1
2024-6804,Catalan,Clifford,Male,BSPsych,3
2024-6853,Resurreccion,Manuel,Male,BSBA-MM,5
2024-7153,Ramos,Natalie,Female,BET-CET,4
2024-7238,Go,Francisco,Male,BAHis,4
2024-7313,Flores,Ryan,Male,BSBio-AB,3
2024-7349,Aquino,Danielle,Female,BSEE,3
2024-7373,De Leon,Nathan,Male,BSEd-Phys,4
2024-7728,Aquino,Abigail,Female,BSEd-Phys,5
2024-7837,Espiritu,Lilly,Female,BSPhil,2
2024-7853,Domingo,Lourdes,Female,BET-ELET,1
2024-7897,Dizon,Christian,Male,BSIT,4
2024-8139,Sy,Elena,Female,BSBio-AB,4
2024-8244,Medina,Felix,Male,BS-MB,4
2024-8438,Fernandez,Allen,Male,BET-MMT,5
2024-8466,Soriano,Lorraine,Female,BSMETE,5
2024-8507,Espiritu,Mary,Female,BSEd-Chem,5
2024-8630,Manalo,Ivan,Male,BSChem,3
2024-8703,Romero,Lorraine,Female,BSA,1
2024-8772,Magtibay,Yvonne,Female,BTLEd-IA,5
2024-8822,Espinosa,Frances,Female,BTLEd-IA,4
2024-8883,Go,Angela,Female,BSHM,1
2024-9091,Tan,Erwin,Male,BET-ESET,2
2024-9123,Torres,Karen,Female,BSEntrep,5
2024-9210,Ocampo,Joy,Female,BSEnE,5
2024-9230,Flores,Carmen,Female,N/A,4
2024-9425,Garcia,Sandra,Female,BSBio-Bdv,3
2024-9751,Sabio,Bryan,Male,BPEd,1
2024-9798,Medina,Angela,Female,BTLEd-IA,2
2024-9982,Lopez,Natalie,Female,BSEnE,1
